,,,,5 devices,,,
, , ,% Best Makespan, , , , 
,Instance,Devices Nb,Tasks Nb,LCFP,SCFP,Min-Min,Our algorithm
,100,5,20,0.4,0,0,0.6
,100,5,30,0.46,0,0,0.54
,100,5,60,0.4,0,0,0.6
,100,5,100,0.44,0,0,0.56
,,,,,,,
,,,,,,,
,,,,,,,
,,,,10 devices,,,
, , ,% Best Makespan, , , , 
,Instance,Devices Nb,Tasks Nb,LCFP,SCFP,Min-Min,Our algorithm
,100,10,30,0.38,0,0,0.62
,100,10,40,0.44,0,0,0.56
,100,10,60,0.41,0,0,0.59
,100,10,100,0.45,0,0,0.55
,,,,,,,
,,,,,,,
,,,,,,,
,,,,20 devices,,,
, , ,% Best Makespan, , , , 
,Instance,Devices Nb,Tasks Nb,LCFP,SCFP,Min-Min,Our algorithm
,100,20,50,0.53,0,0,0.47
,100,20,70,0.46,0,0,0.54
,100,,,,,,
,100,,,,,,
,,,,,,,
